{
  "rsi_correlation": {
    "extreme_oversold_<20": {
      "count": 3077,
      "avg_increase": 3.307401152197804,
      "median_increase": 2.738520416842001,
      "pct_above_2.0": 73.57816054598635,
      "pct_above_2.5": 55.96360090997725
    },
    "oversold_20-30": {
      "count": 7085,
      "avg_increase": 3.393860193183061,
      "median_increase": 2.7443025068095324,
      "pct_above_2.0": 75.7939308398024,
      "pct_above_2.5": 56.86661961891319
    },
    "lower_neutral_30-45": {
      "count": 17839,
      "avg_increase": 3.5133746312066223,
      "median_increase": 2.707886542864736,
      "pct_above_2.0": 74.74073658837379,
      "pct_above_2.5": 55.99529121587533
    },
    "middle_neutral_45-55": {
      "count": 13044,
      "avg_increase": 3.5154373173761417,
      "median_increase": 2.67833182087655,
      "pct_above_2.0": 73.30573443728917,
      "pct_above_2.5": 55.15946028825513
    },
    "upper_neutral_55-70": {
      "count": 16089,
      "avg_increase": 3.6181820548340364,
      "median_increase": 2.633443876159951,
      "pct_above_2.0": 72.83236994219652,
      "pct_above_2.5": 53.88153396730686
    },
    "overbought_70-80": {
      "count": 5939,
      "avg_increase": 3.73700980451503,
      "median_increase": 2.6666863192527845,
      "pct_above_2.0": 73.59824886344502,
      "pct_above_2.5": 55.41336925408318
    },
    "extreme_overbought_>80": {
      "count": 2557,
      "avg_increase": 3.9625292896889532,
      "median_increase": 2.7636045748314837,
      "pct_above_2.0": 73.64098552991787,
      "pct_above_2.5": 56.589753617520536
    }
  },
  "volume_correlation": {
    "stable": {
      "count": 44270,
      "avg_increase": 3.46759437421554,
      "median_increase": 2.6859597997356177,
      "pct_above_2.0": 74.10435961147503,
      "pct_above_2.5": 55.60650553422182
    },
    "increasing": {
      "count": 9709,
      "avg_increase": 3.3652335714973676,
      "median_increase": 2.5804277375236335,
      "pct_above_2.0": 72.18045112781954,
      "pct_above_2.5": 52.42558450921825
    },
    "decreasing": {
      "count": 8999,
      "avg_increase": 3.7251060625020047,
      "median_increase": 2.7224593152347847,
      "pct_above_2.0": 74.25269474386043,
      "pct_above_2.5": 55.883987109678856
    },
    "spike": {
      "count": 2436,
      "avg_increase": 5.285892657143984,
      "median_increase": 2.9832212697413585,
      "pct_above_2.0": 75.94417077175699,
      "pct_above_2.5": 60.67323481116584
    },
    "insufficient_data": {
      "count": 605,
      "avg_increase": 3.724786901048458,
      "median_increase": 3.1708772568325494,
      "pct_above_2.0": 80.66115702479338,
      "pct_above_2.5": 69.58677685950413
    }
  },
  "position_correlation": {
    "very_low_0-20": {
      "count": 13490,
      "avg_increase": 3.47775951177771,
      "pct_above_2.0": 74.65530022238696,
      "pct_above_2.5": 57.257227575982206
    },
    "low_20-40": {
      "count": 9919,
      "avg_increase": 3.4956375030505966,
      "pct_above_2.0": 74.2211916523843,
      "pct_above_2.5": 55.70117955439057
    },
    "middle_40-60": {
      "count": 8181,
      "avg_increase": 3.461250090809016,
      "pct_above_2.0": 73.85405207187385,
      "pct_above_2.5": 53.39200586725339
    },
    "high_60-80": {
      "count": 8696,
      "avg_increase": 3.5169514488333733,
      "pct_above_2.0": 72.82658693652255,
      "pct_above_2.5": 54.47332106715731
    },
    "very_high_80-100": {
      "count": 17406,
      "avg_increase": 3.73345782554558,
      "pct_above_2.0": 72.9403653912444,
      "pct_above_2.5": 54.39503619441572
    }
  },
  "ma_correlation": {
    "far_below_<-3%": {
      "count": 7748,
      "avg_increase": 3.5899053470460704,
      "pct_above_2.0": 76.75529168817759,
      "pct_above_2.5": 59.43469282395457
    },
    "below_-3_to_-1.5%": {
      "count": 9912,
      "avg_increase": 3.55959561146861,
      "pct_above_2.0": 76.40234059725584,
      "pct_above_2.5": 57.7683615819209
    },
    "slightly_below_-1.5_to_-0.5%": {
      "count": 11075,
      "avg_increase": 3.4450311357255634,
      "pct_above_2.0": 72.5959367945824,
      "pct_above_2.5": 54.717832957110616
    },
    "near_ma_-0.5_to_0.5%": {
      "count": 12811,
      "avg_increase": 3.3070928488743148,
      "pct_above_2.0": 72.76559206931543,
      "pct_above_2.5": 52.16610725158068
    },
    "slightly_above_0.5_to_1.5%": {
      "count": 10541,
      "avg_increase": 3.3073870913132932,
      "pct_above_2.0": 70.93254909401385,
      "pct_above_2.5": 51.883123043354516
    },
    "above_1.5_to_3%": {
      "count": 7782,
      "avg_increase": 3.5036041385593926,
      "pct_above_2.0": 72.1408378308918,
      "pct_above_2.5": 53.66229760986892
    },
    "far_above_>3%": {
      "count": 5549,
      "avg_increase": 4.837640743726324,
      "pct_above_2.0": 78.87907731122725,
      "pct_above_2.5": 62.98432149936926
    }
  },
  "time_correlation": {
    "07:00": {
      "count": 3132,
      "avg_increase": 3.7906652350469163,
      "pct_above_2.0": 77.10727969348659
    },
    "06:00": {
      "count": 3106,
      "avg_increase": 3.745489264066743,
      "pct_above_2.0": 76.14294913071474
    },
    "08:00": {
      "count": 3046,
      "avg_increase": 3.53964505033571,
      "pct_above_2.0": 74.42547603414313
    },
    "05:00": {
      "count": 2966,
      "avg_increase": 3.8230221172884944,
      "pct_above_2.0": 72.9602157788267
    },
    "10:00": {
      "count": 2916,
      "avg_increase": 3.3283888932021735,
      "pct_above_2.0": 71.26200274348422
    },
    "13:00": {
      "count": 2915,
      "avg_increase": 3.401149288716802,
      "pct_above_2.0": 72.38421955403086
    },
    "09:00": {
      "count": 2867,
      "avg_increase": 3.425198593398129,
      "pct_above_2.0": 75.09591907917684
    },
    "14:00": {
      "count": 2824,
      "avg_increase": 3.4384573530215814,
      "pct_above_2.0": 75.24787535410765
    },
    "12:00": {
      "count": 2811,
      "avg_increase": 3.4096683383023643,
      "pct_above_2.0": 72.78548559231591
    },
    "18:00": {
      "count": 2778,
      "avg_increase": 3.460866547592139,
      "pct_above_2.0": 73.8300935925126
    }
  },
  "high_probability_setups": {
    "oversold_bounce": {
      "count": 1672,
      "pct_of_total": 2.5326042502915826,
      "avg_increase": 3.2618432952755794,
      "median_increase": 2.668722717539064,
      "pct_above_2.0": 72.188995215311,
      "pct_above_2.5": 54.60526315789473,
      "pct_above_3.0": 42.22488038277512
    },
    "mean_reversion": {
      "count": 8478,
      "pct_of_total": 12.841757675820597,
      "avg_increase": 3.717618577432814,
      "median_increase": 2.851042825486425,
      "pct_above_2.0": 76.91672564284029,
      "pct_above_2.5": 59.2828497287096,
      "pct_above_3.0": 46.485020051899035
    },
    "momentum_continuation": {
      "count": 3657,
      "pct_of_total": 5.539314439782487,
      "avg_increase": 3.774583086135142,
      "median_increase": 2.613472853760658,
      "pct_above_2.0": 72.76456111566858,
      "pct_above_2.5": 53.240360951599676,
      "pct_above_3.0": 40.52502050861362
    },
    "low_range_breakout": {
      "count": 723,
      "pct_of_total": 1.0951392780866114,
      "avg_increase": 3.6199343589968818,
      "median_increase": 3.075333433361926,
      "pct_above_2.0": 75.38035961272476,
      "pct_above_2.5": 63.347164591977865,
      "pct_above_3.0": 52.558782849239286
    }
  },
  "recommended_scoring_weights": {
    "rsi": {
      "weight": 20,
      "scoring_logic": {
        "extreme_oversold_<20": 100,
        "oversold_20-30": 85,
        "lower_neutral_30-45": 75,
        "middle_neutral_45-55": 65,
        "upper_neutral_55-70": 50,
        "overbought_70-80": 30,
        "extreme_overbought_>80": 20
      }
    },
    "volume_profile": {
      "weight": 25,
      "scoring_logic": {
        "spike": 100,
        "increasing": 85,
        "stable": 65,
        "decreasing": 40
      }
    },